Type,Local Number,Message,Field 1,Value 1,Units 1,Field 2,Value 2,Units 2,Field 3,Value 3,Units 3,Field 4,Value 4,Units 4,Field 5,Value 5,Units 5,Field 6,Value 6,Units 6,Field 7,Value 7,Units 7,Field 8,Value 8,Units 8,Field 9,Value 9,Units 9,Field 10,Value 10,Units 10,Field 11,Value 11,Units 11,Field 12,Value 12,Units 12,Field 13,Value 13,Units 13,Field 14,Value 14,Units 14,Field 15,Value 15,Units 15,Field 16,Value 16,Units 16,Field 17,Value 17,Units 17,Field 18,Value 18,Units 18,Field 19,Value 19,Units 19,Field 20,Value 20,Units 20,Field 21,Value 21,Units 21,Field 22,Value 22,Units 22,Field 23,Value 23,Units 23,Field 24,Value 24,Units 24,Field 25,Value 25,Units 25,Field 26,Value 26,Units 26,
Definition,0,file_id,type,1,,manufacturer,1,,product,1,,serial_number,1,,time_created,1,,number,1,,
Data,0,file_id,type,"4",,manufacturer,"40",,product,"0",,time_created,"925749241",,number,"0",,,,,
Definition,1,device_info,timestamp,1,,device_index,1,,device_type,1,,manufacturer,1,,serial_number,1,,product,1,,software_version,1,,hardware_version,1,,cum_operating_time,1,,unknown,1,,battery_voltage,1,,battery_status,1,,
Data,1,device_info,timestamp,"0",s,device_index,"0",,device_type,"0",,manufacturer,"40",,serial_number,"430239305",,product,"0",,software_version,"1.0",,hardware_version,"0",,cum_operating_time,"0",s,unknown,"0",,battery_voltage,"0.0",V,battery_status,"0",,
Definition,2,activity,timestamp,1,,total_timer_time,1,,num_sessions,1,,type,1,,event,1,,,,,,,,,,,,,,,,,,,,,,,
Data,2,activity,timestamp,"925749241",,total_timer_time,"0.001",s,num_sessions,"0",,type,"3",,event,"0",,,,,,,,,,,,,,,,,,,,,,,
Definition,3,session,timestamp,1,,event,1,,event_type,1,,start_time,1,,sport,1,,sub_sport,1,,total_elapsed_time,1,,total_timer_time,1,,total_distance,1,,total_cycles,1,,total_calories,1,,avg_speed,1,,max_speed,1,,avg_heart_rate,1,,max_heart_rate,1,,avg_cadence,1,,max_cadence,1,,avg_power,1,,max_power,1,,first_lap_index,1,,num_laps,1,,message_index,1,,
Data,3,session,timestamp,"925749241",s,event,"0",,event_type,"0",,start_time,"925749241",,sport,"4",,sub_sport,"14",,total_elapsed_time,"418.7",s,total_timer_time,"418.7",s,total_distance,"1999.99",m,total_cycles,"194",cycles,total_calories,"155",kcal,avg_speed,"4.776",m/s,max_speed,"5.512",m/s,avg_heart_rate,"172",bpm,max_heart_rate,"178",bpm,avg_cadence,"27",rpm,max_cadence,"42",rpm,avg_power,"305",watts,max_power,"469",watts,first_lap_index,"0",,num_laps,"1",,message_index,"0",,enhanced_avg_speed,"4.776",m/s,enhanced_max_speed,"5.512",m/s,
Definition,4,event,timestamp,1,,event,1,,event_type,1,,data,1,,event_group,1,,,,,,,,,,,,,,,,,,,,,,,,,,,,,,,,,,,,,,,,,,,,,,,,,,,,,,,,,,,
Data,4,event,timestamp,"925749241",s,event,"0",,event_type,"0",,timer_trigger,"0",,event_group,"0",,,,,,,,,,,,,,,,,,,,,,,,,,,,,,,,,,,,,,,,,,,,,,,,,,,,,,,,,,,
Definition,5,record,timestamp,1,,heart_rate,1,,cadence,1,,distance,1,,speed,1,,power,1,,,,,,,,,,,,,,,,,,,,,,,,,,,,,,,,,,,,,,,,,,,,,,,,,,,,,,,,
Data,5,record,timestamp,"925749241",s,heart_rate,"105",bpm,cadence,"0",rpm,distance,"0.0",m,speed,"0.0",m/s,power,"0",watts,enhanced_speed,"0.0",m/s,,,,,,,,,,,,,,,,,,,,,,,,,,,,,,,,,,,,,,,,,,,,,,,,,,,,
Data,5,record,timestamp,"925749242",s,heart_rate,"105",bpm,cadence,"0",rpm,distance,"3.5",m,speed,"4.152",m/s,power,"201",watts,enhanced_speed,"4.152",m/s,,,,,,,,,,,,,,,,,,,,,,,,,,,,,,,,,,,,,,,,,,,,,,,,,,,,
Data,5,record,timestamp,"925749243",s,heart_rate,"106",bpm,cadence,"0",rpm,distance,"8.59",m,speed,"4.152",m/s,power,"201",watts,enhanced_speed,"4.152",m/s,,,,,,,,,,,,,,,,,,,,,,,,,,,,,,,,,,,,,,,,,,,,,,,,,,,,
Data,5,record,timestamp,"925749244",s,heart_rate,"111",bpm,cadence,"42",rpm,distance,"16.89",m,speed,"5.086",m/s,power,"368",watts,enhanced_speed,"5.086",m/s,,,,,,,,,,,,,,,,,,,,,,,,,,,,,,,,,,,,,,,,,,,,,,,,,,,,
Data,5,record,timestamp,"925749246",s,heart_rate,"115",bpm,cadence,"35",rpm,distance,"28.4",m,speed,"5.512",m/s,power,"469",watts,enhanced_speed,"5.512",m/s,,,,,,,,,,,,,,,,,,,,,,,,,,,,,,,,,,,,,,,,,,,,,,,,,,,,
Data,5,record,timestamp,"925749248",s,heart_rate,"117",bpm,cadence,"35",rpm,distance,"36.9",m,speed,"5.512",m/s,power,"469",watts,enhanced_speed,"5.512",m/s,,,,,,,,,,,,,,,,,,,,,,,,,,,,,,,,,,,,,,,,,,,,,,,,,,,,
Data,5,record,timestamp,"925749250",s,heart_rate,"122",bpm,cadence,"34",rpm,distance,"47.89",m,speed,"5.506",m/s,power,"468",watts,enhanced_speed,"5.506",m/s,,,,,,,,,,,,,,,,,,,,,,,,,,,,,,,,,,,,,,,,,,,,,,,,,,,,
Data,5,record,timestamp,"925749252",s,heart_rate,"128",bpm,cadence,"31",rpm,distance,"58.79",m,speed,"5.175",m/s,power,"388",watts,enhanced_speed,"5.175",m/s,,,,,,,,,,,,,,,,,,,,,,,,,,,,,,,,,,,,,,,,,,,,,,,,,,,,
Data,5,record,timestamp,"925749254",s,heart_rate,"131",bpm,cadence,"30",rpm,distance,"69.4",m,speed,"5.112",m/s,power,"374",watts,enhanced_speed,"5.112",m/s,,,,,,,,,,,,,,,,,,,,,,,,,,,,,,,,,,,,,,,,,,,,,,,,,,,,
Data,5,record,timestamp,"925749256",s,heart_rate,"137",bpm,cadence,"30",rpm,distance,"77.1",m,speed,"5.112",m/s,power,"374",watts,enhanced_speed,"5.112",m/s,,,,,,,,,,,,,,,,,,,,,,,,,,,,,,,,,,,,,,,,,,,,,,,,,,,,
Data,5,record,timestamp,"925749258",s,heart_rate,"141",bpm,cadence,"28",rpm,distance,"90.39",m,speed,"5.05",m/s,power,"361",watts,enhanced_speed,"5.05",m/s,,,,,,,,,,,,,,,,,,,,,,,,,,,,,,,,,,,,,,,,,,,,,,,,,,,,
Data,5,record,timestamp,"925749260",s,heart_rate,"145",bpm,cadence,"28",rpm,distance,"97.9",m,speed,"5.05",m/s,power,"361",watts,enhanced_speed,"5.05",m/s,,,,,,,,,,,,,,,,,,,,,,,,,,,,,,,,,,,,,,,,,,,,,,,,,,,,
Data,5,record,timestamp,"925749262",s,heart_rate,"149",bpm,cadence,"30",rpm,distance,"108.29",m,speed,"5.005",m/s,power,"351",watts,enhanced_speed,"5.005",m/s,,,,,,,,,,,,,,,,,,,,,,,,,,,,,,,,,,,,,,,,,,,,,,,,,,,,
Data,5,record,timestamp,"925749264",s,heart_rate,"151",bpm,cadence,"30",rpm,distance,"118.59",m,speed,"5.005",m/s,power,"351",watts,enhanced_speed,"5.005",m/s,,,,,,,,,,,,,,,,,,,,,,,,,,,,,,,,,,,,,,,,,,,,,,,,,,,,
Data,5,record,timestamp,"925749266",s,heart_rate,"154",bpm,cadence,"28",rpm,distance,"131.7",m,speed,"4.965",m/s,power,"343",watts,enhanced_speed,"4.965",m/s,,,,,,,,,,,,,,,,,,,,,,,,,,,,,,,,,,,,,,,,,,,,,,,,,,,,
Data,5,record,timestamp,"925749268",s,heart_rate,"155",bpm,cadence,"28",rpm,distance,"141.69",m,speed,"4.901",m/s,power,"330",watts,enhanced_speed,"4.901",m/s,,,,,,,,,,,,,,,,,,,,,,,,,,,,,,,,,,,,,,,,,,,,,,,,,,,,
Data,5,record,timestamp,"925749271",s,heart_rate,"156",bpm,cadence,"28",rpm,distance,"151.79",m,speed,"4.901",m/s,power,"330",watts,enhanced_speed,"4.901",m/s,,,,,,,,,,,,,,,,,,,,,,,,,,,,,,,,,,,,,,,,,,,,,,,,,,,,
Data,5,record,timestamp,"925749273",s,heart_rate,"156",bpm,cadence,"28",rpm,distance,"162.0",m,speed,"4.873",m/s,power,"324",watts,enhanced_speed,"4.873",m/s,,,,,,,,,,,,,,,,,,,,,,,,,,,,,,,,,,,,,,,,,,,,,,,,,,,,
Data,5,record,timestamp,"925749275",s,heart_rate,"156",bpm,cadence,"29",rpm,distance,"171.99",m,speed,"4.926",m/s,power,"335",watts,enhanced_speed,"4.926",m/s,,,,,,,,,,,,,,,,,,,,,,,,,,,,,,,,,,,,,,,,,,,,,,,,,,,,
Data,5,record,timestamp,"925749277",s,heart_rate,"156",bpm,cadence,"27",rpm,distance,"181.99",m,speed,"4.873",m/s,power,"324",watts,enhanced_speed,"4.873",m/s,,,,,,,,,,,,,,,,,,,,,,,,,,,,,,,,,,,,,,,,,,,,,,,,,,,,
Data,5,record,timestamp,"925749279",s,heart_rate,"156",bpm,cadence,"27",rpm,distance,"194.7",m,speed,"4.816",m/s,power,"313",watts,enhanced_speed,"4.816",m/s,,,,,,,,,,,,,,,,,,,,,,,,,,,,,,,,,,,,,,,,,,,,,,,,,,,,
Data,5,record,timestamp,"925749281",s,heart_rate,"157",bpm,cadence,"27",rpm,distance,"204.49",m,speed,"4.816",m/s,power,"313",watts,enhanced_speed,"4.816",m/s,,,,,,,,,,,,,,,,,,,,,,,,,,,,,,,,,,,,,,,,,,,,,,,,,,,,
Data,5,record,timestamp,"925749283",s,heart_rate,"158",bpm,cadence,"27",rpm,distance,"214.4",m,speed,"4.784",m/s,power,"307",watts,enhanced_speed,"4.784",m/s,,,,,,,,,,,,,,,,,,,,,,,,,,,,,,,,,,,,,,,,,,,,,,,,,,,,
Data,5,record,timestamp,"925749286",s,heart_rate,"158",bpm,cadence,"27",rpm,distance,"227.0",m,speed,"4.812",m/s,power,"312",watts,enhanced_speed,"4.812",m/s,,,,,,,,,,,,,,,,,,,,,,,,,,,,,,,,,,,,,,,,,,,,,,,,,,,,
Data,5,record,timestamp,"925749288",s,heart_rate,"158",bpm,cadence,"27",rpm,distance,"236.8",m,speed,"4.812",m/s,power,"312",watts,enhanced_speed,"4.812",m/s,,,,,,,,,,,,,,,,,,,,,,,,,,,,,,,,,,,,,,,,,,,,,,,,,,,,
Data,5,record,timestamp,"925749290",s,heart_rate,"159",bpm,cadence,"26",rpm,distance,"246.79",m,speed,"4.821",m/s,power,"314",watts,enhanced_speed,"4.821",m/s,,,,,,,,,,,,,,,,,,,,,,,,,,,,,,,,,,,,,,,,,,,,,,,,,,,,
Data,5,record,timestamp,"925749292",s,heart_rate,"159",bpm,cadence,"28",rpm,distance,"256.79",m,speed,"4.83",m/s,power,"316",watts,enhanced_speed,"4.83",m/s,,,,,,,,,,,,,,,,,,,,,,,,,,,,,,,,,,,,,,,,,,,,,,,,,,,,
Data,5,record,timestamp,"925749295",s,heart_rate,"160",bpm,cadence,"28",rpm,distance,"269.39",m,speed,"4.77",m/s,power,"304",watts,enhanced_speed,"4.77",m/s,,,,,,,,,,,,,,,,,,,,,,,,,,,,,,,,,,,,,,,,,,,,,,,,,,,,
Data,5,record,timestamp,"925749297",s,heart_rate,"159",bpm,cadence,"28",rpm,distance,"279.19",m,speed,"4.77",m/s,power,"304",watts,enhanced_speed,"4.77",m/s,,,,,,,,,,,,,,,,,,,,,,,,,,,,,,,,,,,,,,,,,,,,,,,,,,,,
Data,5,record,timestamp,"925749299",s,heart_rate,"160",bpm,cadence,"28",rpm,distance,"288.89",m,speed,"4.743",m/s,power,"299",watts,enhanced_speed,"4.743",m/s,,,,,,,,,,,,,,,,,,,,,,,,,,,,,,,,,,,,,,,,,,,,,,,,,,,,
Data,5,record,timestamp,"925749301",s,heart_rate,"160",bpm,cadence,"27",rpm,distance,"298.7",m,speed,"4.752",m/s,power,"301",watts,enhanced_speed,"4.752",m/s,,,,,,,,,,,,,,,,,,,,,,,,,,,,,,,,,,,,,,,,,,,,,,,,,,,,
Data,5,record,timestamp,"925749303",s,heart_rate,"160",bpm,cadence,"27",rpm,distance,"308.4",m,speed,"4.743",m/s,power,"299",watts,enhanced_speed,"4.743",m/s,,,,,,,,,,,,,,,,,,,,,,,,,,,,,,,,,,,,,,,,,,,,,,,,,,,,
Data,5,record,timestamp,"925749306",s,heart_rate,"161",bpm,cadence,"28",rpm,distance,"320.99",m,speed,"4.761",m/s,power,"302",watts,enhanced_speed,"4.761",m/s,,,,,,,,,,,,,,,,,,,,,,,,,,,,,,,,,,,,,,,,,,,,,,,,,,,,
Data,5,record,timestamp,"925749308",s,heart_rate,"161",bpm,cadence,"28",rpm,distance,"330.79",m,speed,"4.761",m/s,power,"302",watts,enhanced_speed,"4.761",m/s,,,,,,,,,,,,,,,,,,,,,,,,,,,,,,,,,,,,,,,,,,,,,,,,,,,,
Data,5,record,timestamp,"925749310",s,heart_rate,"161",bpm,cadence,"28",rpm,distance,"340.5",m,speed,"4.739",m/s,power,"298",watts,enhanced_speed,"4.739",m/s,,,,,,,,,,,,,,,,,,,,,,,,,,,,,,,,,,,,,,,,,,,,,,,,,,,,
Data,5,record,timestamp,"925749312",s,heart_rate,"162",bpm,cadence,"28",rpm,distance,"350.1",m,speed,"4.712",m/s,power,"293",watts,enhanced_speed,"4.712",m/s,,,,,,,,,,,,,,,,,,,,,,,,,,,,,,,,,,,,,,,,,,,,,,,,,,,,
Data,5,record,timestamp,"925749314",s,heart_rate,"162",bpm,cadence,"27",rpm,distance,"359.9",m,speed,"4.686",m/s,power,"288",watts,enhanced_speed,"4.686",m/s,,,,,,,,,,,,,,,,,,,,,,,,,,,,,,,,,,,,,,,,,,,,,,,,,,,,
Data,5,record,timestamp,"925749316",s,heart_rate,"163",bpm,cadence,"27",rpm,distance,"372.5",m,speed,"4.78",m/s,power,"306",watts,enhanced_speed,"4.78",m/s,,,,,,,,,,,,,,,,,,,,,,,,,,,,,,,,,,,,,,,,,,,,,,,,,,,,
Data,5,record,timestamp,"925749318",s,heart_rate,"163",bpm,cadence,"27",rpm,distance,"382.1",m,speed,"4.78",m/s,power,"306",watts,enhanced_speed,"4.78",m/s,,,,,,,,,,,,,,,,,,,,,,,,,,,,,,,,,,,,,,,,,,,,,,,,,,,,
Data,5,record,timestamp,"925749320",s,heart_rate,"163",bpm,cadence,"27",rpm,distance,"391.6",m,speed,"4.699",m/s,power,"291",watts,enhanced_speed,"4.699",m/s,,,,,,,,,,,,,,,,,,,,,,,,,,,,,,,,,,,,,,,,,,,,,,,,,,,,
Data,5,record,timestamp,"925749323",s,heart_rate,"163",bpm,cadence,"27",rpm,distance,"404.1",m,speed,"4.73",m/s,power,"296",watts,enhanced_speed,"4.73",m/s,,,,,,,,,,,,,,,,,,,,,,,,,,,,,,,,,,,,,,,,,,,,,,,,,,,,
Data,5,record,timestamp,"925749325",s,heart_rate,"164",bpm,cadence,"27",rpm,distance,"413.7",m,speed,"4.73",m/s,power,"296",watts,enhanced_speed,"4.73",m/s,,,,,,,,,,,,,,,,,,,,,,,,,,,,,,,,,,,,,,,,,,,,,,,,,,,,
Data,5,record,timestamp,"925749327",s,heart_rate,"163",bpm,cadence,"27",rpm,distance,"423.4",m,speed,"4.708",m/s,power,"292",watts,enhanced_speed,"4.708",m/s,,,,,,,,,,,,,,,,,,,,,,,,,,,,,,,,,,,,,,,,,,,,,,,,,,,,
Data,5,record,timestamp,"925749330",s,heart_rate,"164",bpm,cadence,"27",rpm,distance,"435.9",m,speed,"4.748",m/s,power,"300",watts,enhanced_speed,"4.748",m/s,,,,,,,,,,,,,,,,,,,,,,,,,,,,,,,,,,,,,,,,,,,,,,,,,,,,
Data,5,record,timestamp,"925749332",s,heart_rate,"164",bpm,cadence,"27",rpm,distance,"445.59",m,speed,"4.748",m/s,power,"300",watts,enhanced_speed,"4.748",m/s,,,,,,,,,,,,,,,,,,,,,,,,,,,,,,,,,,,,,,,,,,,,,,,,,,,,
Data,5,record,timestamp,"925749334",s,heart_rate,"164",bpm,cadence,"27",rpm,distance,"455.29",m,speed,"4.716",m/s,power,"294",watts,enhanced_speed,"4.716",m/s,,,,,,,,,,,,,,,,,,,,,,,,,,,,,,,,,,,,,,,,,,,,,,,,,,,,
Data,5,record,timestamp,"925749336",s,heart_rate,"164",bpm,cadence,"27",rpm,distance,"465.2",m,speed,"4.761",m/s,power,"302",watts,enhanced_speed,"4.761",m/s,,,,,,,,,,,,,,,,,,,,,,,,,,,,,,,,,,,,,,,,,,,,,,,,,,,,
Data,5,record,timestamp,"925749339",s,heart_rate,"164",bpm,cadence,"27",rpm,distance,"477.7",m,speed,"4.761",m/s,power,"302",watts,enhanced_speed,"4.761",m/s,,,,,,,,,,,,,,,,,,,,,,,,,,,,,,,,,,,,,,,,,,,,,,,,,,,,
Data,5,record,timestamp,"925749341",s,heart_rate,"165",bpm,cadence,"27",rpm,distance,"487.39",m,speed,"4.761",m/s,power,"302",watts,enhanced_speed,"4.761",m/s,,,,,,,,,,,,,,,,,,,,,,,,,,,,,,,,,,,,,,,,,,,,,,,,,,,,
Data,5,record,timestamp,"925749343",s,heart_rate,"166",bpm,cadence,"27",rpm,distance,"497.19",m,speed,"4.748",m/s,power,"300",watts,enhanced_speed,"4.748",m/s,,,,,,,,,,,,,,,,,,,,,,,,,,,,,,,,,,,,,,,,,,,,,,,,,,,,
Data,5,record,timestamp,"925749345",s,heart_rate,"166",bpm,cadence,"27",rpm,distance,"509.7",m,speed,"4.73",m/s,power,"296",watts,enhanced_speed,"4.73",m/s,,,,,,,,,,,,,,,,,,,,,,,,,,,,,,,,,,,,,,,,,,,,,,,,,,,,
Data,5,record,timestamp,"925749347",s,heart_rate,"167",bpm,cadence,"27",rpm,distance,"519.29",m,speed,"4.73",m/s,power,"296",watts,enhanced_speed,"4.73",m/s,,,,,,,,,,,,,,,,,,,,,,,,,,,,,,,,,,,,,,,,,,,,,,,,,,,,
Data,5,record,timestamp,"925749349",s,heart_rate,"166",bpm,cadence,"27",rpm,distance,"529.0",m,speed,"4.69",m/s,power,"289",watts,enhanced_speed,"4.69",m/s,,,,,,,,,,,,,,,,,,,,,,,,,,,,,,,,,,,,,,,,,,,,,,,,,,,,
Data,5,record,timestamp,"925749351",s,heart_rate,"167",bpm,cadence,"28",rpm,distance,"538.69",m,speed,"4.703",m/s,power,"291",watts,enhanced_speed,"4.703",m/s,,,,,,,,,,,,,,,,,,,,,,,,,,,,,,,,,,,,,,,,,,,,,,,,,,,,
Data,5,record,timestamp,"925749354",s,heart_rate,"167",bpm,cadence,"27",rpm,distance,"551.1",m,speed,"4.73",m/s,power,"296",watts,enhanced_speed,"4.73",m/s,,,,,,,,,,,,,,,,,,,,,,,,,,,,,,,,,,,,,,,,,,,,,,,,,,,,
Data,5,record,timestamp,"925749356",s,heart_rate,"167",bpm,cadence,"26",rpm,distance,"560.69",m,speed,"4.716",m/s,power,"294",watts,enhanced_speed,"4.716",m/s,,,,,,,,,,,,,,,,,,,,,,,,,,,,,,,,,,,,,,,,,,,,,,,,,,,,
Data,5,record,timestamp,"925749358",s,heart_rate,"167",bpm,cadence,"27",rpm,distance,"570.49",m,speed,"4.712",m/s,power,"293",watts,enhanced_speed,"4.712",m/s,,,,,,,,,,,,,,,,,,,,,,,,,,,,,,,,,,,,,,,,,,,,,,,,,,,,
Data,5,record,timestamp,"925749361",s,heart_rate,"167",bpm,cadence,"27",rpm,distance,"582.79",m,speed,"4.734",m/s,power,"297",watts,enhanced_speed,"4.734",m/s,,,,,,,,,,,,,,,,,,,,,,,,,,,,,,,,,,,,,,,,,,,,,,,,,,,,
Data,5,record,timestamp,"925749363",s,heart_rate,"167",bpm,cadence,"26",rpm,distance,"592.4",m,speed,"4.69",m/s,power,"289",watts,enhanced_speed,"4.69",m/s,,,,,,,,,,,,,,,,,,,,,,,,,,,,,,,,,,,,,,,,,,,,,,,,,,,,
Data,5,record,timestamp,"925749365",s,heart_rate,"167",bpm,cadence,"27",rpm,distance,"604.6",m,speed,"4.659",m/s,power,"283",watts,enhanced_speed,"4.659",m/s,,,,,,,,,,,,,,,,,,,,,,,,,,,,,,,,,,,,,,,,,,,,,,,,,,,,
Data,5,record,timestamp,"925749367",s,heart_rate,"167",bpm,cadence,"27",rpm,distance,"614.19",m,speed,"4.659",m/s,power,"283",watts,enhanced_speed,"4.659",m/s,,,,,,,,,,,,,,,,,,,,,,,,,,,,,,,,,,,,,,,,,,,,,,,,,,,,
Data,5,record,timestamp,"925749369",s,heart_rate,"167",bpm,cadence,"26",rpm,distance,"623.8",m,speed,"4.703",m/s,power,"291",watts,enhanced_speed,"4.703",m/s,,,,,,,,,,,,,,,,,,,,,,,,,,,,,,,,,,,,,,,,,,,,,,,,,,,,
Data,5,record,timestamp,"925749372",s,heart_rate,"167",bpm,cadence,"27",rpm,distance,"636.19",m,speed,"4.716",m/s,power,"294",watts,enhanced_speed,"4.716",m/s,,,,,,,,,,,,,,,,,,,,,,,,,,,,,,,,,,,,,,,,,,,,,,,,,,,,
Data,5,record,timestamp,"925749374",s,heart_rate,"167",bpm,cadence,"28",rpm,distance,"646.09",m,speed,"4.821",m/s,power,"314",watts,enhanced_speed,"4.821",m/s,,,,,,,,,,,,,,,,,,,,,,,,,,,,,,,,,,,,,,,,,,,,,,,,,,,,
Data,5,record,timestamp,"925749376",s,heart_rate,"167",bpm,cadence,"28",rpm,distance,"655.8",m,speed,"4.821",m/s,power,"314",watts,enhanced_speed,"4.821",m/s,,,,,,,,,,,,,,,,,,,,,,,,,,,,,,,,,,,,,,,,,,,,,,,,,,,,
Data,5,record,timestamp,"925749378",s,heart_rate,"168",bpm,cadence,"27",rpm,distance,"665.49",m,speed,"4.739",m/s,power,"298",watts,enhanced_speed,"4.739",m/s,,,,,,,,,,,,,,,,,,,,,,,,,,,,,,,,,,,,,,,,,,,,,,,,,,,,
Data,5,record,timestamp,"925749381",s,heart_rate,"168",bpm,cadence,"27",rpm,distance,"677.69",m,speed,"4.633",m/s,power,"279",watts,enhanced_speed,"4.633",m/s,,,,,,,,,,,,,,,,,,,,,,,,,,,,,,,,,,,,,,,,,,,,,,,,,,,,
Data,5,record,timestamp,"925749383",s,heart_rate,"168",bpm,cadence,"27",rpm,distance,"687.2",m,speed,"4.633",m/s,power,"279",watts,enhanced_speed,"4.633",m/s,,,,,,,,,,,,,,,,,,,,,,,,,,,,,,,,,,,,,,,,,,,,,,,,,,,,
Data,5,record,timestamp,"925749385",s,heart_rate,"168",bpm,cadence,"27",rpm,distance,"696.99",m,speed,"4.651",m/s,power,"282",watts,enhanced_speed,"4.651",m/s,,,,,,,,,,,,,,,,,,,,,,,,,,,,,,,,,,,,,,,,,,,,,,,,,,,,
Data,5,record,timestamp,"925749387",s,heart_rate,"168",bpm,cadence,"28",rpm,distance,"706.6",m,speed,"4.734",m/s,power,"297",watts,enhanced_speed,"4.734",m/s,,,,,,,,,,,,,,,,,,,,,,,,,,,,,,,,,,,,,,,,,,,,,,,,,,,,
Data,5,record,timestamp,"925749390",s,heart_rate,"167",bpm,cadence,"27",rpm,distance,"718.7",m,speed,"4.608",m/s,power,"274",watts,enhanced_speed,"4.608",m/s,,,,,,,,,,,,,,,,,,,,,,,,,,,,,,,,,,,,,,,,,,,,,,,,,,,,
Data,5,record,timestamp,"925749392",s,heart_rate,"167",bpm,cadence,"27",rpm,distance,"728.19",m,speed,"4.608",m/s,power,"274",watts,enhanced_speed,"4.608",m/s,,,,,,,,,,,,,,,,,,,,,,,,,,,,,,,,,,,,,,,,,,,,,,,,,,,,
Data,5,record,timestamp,"925749394",s,heart_rate,"167",bpm,cadence,"27",rpm,distance,"737.8",m,speed,"4.612",m/s,power,"275",watts,enhanced_speed,"4.612",m/s,,,,,,,,,,,,,,,,,,,,,,,,,,,,,,,,,,,,,,,,,,,,,,,,,,,,
Data,5,record,timestamp,"925749396",s,heart_rate,"168",bpm,cadence,"27",rpm,distance,"750.1",m,speed,"4.672",m/s,power,"286",watts,enhanced_speed,"4.672",m/s,,,,,,,,,,,,,,,,,,,,,,,,,,,,,,,,,,,,,,,,,,,,,,,,,,,,
Data,5,record,timestamp,"925749398",s,heart_rate,"168",bpm,cadence,"27",rpm,distance,"759.7",m,speed,"4.672",m/s,power,"286",watts,enhanced_speed,"4.672",m/s,,,,,,,,,,,,,,,,,,,,,,,,,,,,,,,,,,,,,,,,,,,,,,,,,,,,
Data,5,record,timestamp,"925749400",s,heart_rate,"168",bpm,cadence,"27",rpm,distance,"769.29",m,speed,"4.686",m/s,power,"288",watts,enhanced_speed,"4.686",m/s,,,,,,,,,,,,,,,,,,,,,,,,,,,,,,,,,,,,,,,,,,,,,,,,,,,,
Data,5,record,timestamp,"925749403",s,heart_rate,"168",bpm,cadence,"28",rpm,distance,"781.69",m,speed,"4.681",m/s,power,"287",watts,enhanced_speed,"4.681",m/s,,,,,,,,,,,,,,,,,,,,,,,,,,,,,,,,,,,,,,,,,,,,,,,,,,,,
Data,5,record,timestamp,"925749405",s,heart_rate,"169",bpm,cadence,"28",rpm,distance,"791.2",m,speed,"4.681",m/s,power,"287",watts,enhanced_speed,"4.681",m/s,,,,,,,,,,,,,,,,,,,,,,,,,,,,,,,,,,,,,,,,,,,,,,,,,,,,
Data,5,record,timestamp,"925749407",s,heart_rate,"169",bpm,cadence,"28",rpm,distance,"800.79",m,speed,"4.681",m/s,power,"287",watts,enhanced_speed,"4.681",m/s,,,,,,,,,,,,,,,,,,,,,,,,,,,,,,,,,,,,,,,,,,,,,,,,,,,,
Data,5,record,timestamp,"925749409",s,heart_rate,"170",bpm,cadence,"27",rpm,distance,"810.3",m,speed,"4.642",m/s,power,"280",watts,enhanced_speed,"4.642",m/s,,,,,,,,,,,,,,,,,,,,,,,,,,,,,,,,,,,,,,,,,,,,,,,,,,,,
Data,5,record,timestamp,"925749412",s,heart_rate,"170",bpm,cadence,"27",rpm,distance,"822.69",m,speed,"4.712",m/s,power,"293",watts,enhanced_speed,"4.712",m/s,,,,,,,,,,,,,,,,,,,,,,,,,,,,,,,,,,,,,,,,,,,,,,,,,,,,
Data,5,record,timestamp,"925749414",s,heart_rate,"170",bpm,cadence,"27",rpm,distance,"832.4",m,speed,"4.712",m/s,power,"293",watts,enhanced_speed,"4.712",m/s,,,,,,,,,,,,,,,,,,,,,,,,,,,,,,,,,,,,,,,,,,,,,,,,,,,,
Data,5,record,timestamp,"925749416",s,heart_rate,"170",bpm,cadence,"27",rpm,distance,"841.99",m,speed,"4.712",m/s,power,"293",watts,enhanced_speed,"4.712",m/s,,,,,,,,,,,,,,,,,,,,,,,,,,,,,,,,,,,,,,,,,,,,,,,,,,,,
Data,5,record,timestamp,"925749418",s,heart_rate,"169",bpm,cadence,"27",rpm,distance,"851.8",m,speed,"4.694",m/s,power,"290",watts,enhanced_speed,"4.694",m/s,,,,,,,,,,,,,,,,,,,,,,,,,,,,,,,,,,,,,,,,,,,,,,,,,,,,
Data,5,record,timestamp,"925749421",s,heart_rate,"170",bpm,cadence,"27",rpm,distance,"863.99",m,speed,"4.725",m/s,power,"296",watts,enhanced_speed,"4.725",m/s,,,,,,,,,,,,,,,,,,,,,,,,,,,,,,,,,,,,,,,,,,,,,,,,,,,,
Data,5,record,timestamp,"925749423",s,heart_rate,"169",bpm,cadence,"27",rpm,distance,"873.5",m,speed,"4.655",m/s,power,"283",watts,enhanced_speed,"4.655",m/s,,,,,,,,,,,,,,,,,,,,,,,,,,,,,,,,,,,,,,,,,,,,,,,,,,,,
Data,5,record,timestamp,"925749425",s,heart_rate,"170",bpm,cadence,"28",rpm,distance,"883.0",m,speed,"4.616",m/s,power,"276",watts,enhanced_speed,"4.616",m/s,,,,,,,,,,,,,,,,,,,,,,,,,,,,,,,,,,,,,,,,,,,,,,,,,,,,
Data,5,record,timestamp,"925749427",s,heart_rate,"169",bpm,cadence,"27",rpm,distance,"895.1",m,speed,"4.595",m/s,power,"272",watts,enhanced_speed,"4.595",m/s,,,,,,,,,,,,,,,,,,,,,,,,,,,,,,,,,,,,,,,,,,,,,,,,,,,,
Data,5,record,timestamp,"925749429",s,heart_rate,"169",bpm,cadence,"27",rpm,distance,"904.49",m,speed,"4.595",m/s,power,"272",watts,enhanced_speed,"4.595",m/s,,,,,,,,,,,,,,,,,,,,,,,,,,,,,,,,,,,,,,,,,,,,,,,,,,,,
Data,5,record,timestamp,"925749431",s,heart_rate,"170",bpm,cadence,"27",rpm,distance,"914.0",m,speed,"4.638",m/s,power,"279",watts,enhanced_speed,"4.638",m/s,,,,,,,,,,,,,,,,,,,,,,,,,,,,,,,,,,,,,,,,,,,,,,,,,,,,
Data,5,record,timestamp,"925749434",s,heart_rate,"170",bpm,cadence,"26",rpm,distance,"926.3",m,speed,"4.664",m/s,power,"284",watts,enhanced_speed,"4.664",m/s,,,,,,,,,,,,,,,,,,,,,,,,,,,,,,,,,,,,,,,,,,,,,,,,,,,,
Data,5,record,timestamp,"925749436",s,heart_rate,"170",bpm,cadence,"26",rpm,distance,"936.0",m,speed,"4.664",m/s,power,"284",watts,enhanced_speed,"4.664",m/s,,,,,,,,,,,,,,,,,,,,,,,,,,,,,,,,,,,,,,,,,,,,,,,,,,,,
Data,5,record,timestamp,"925749438",s,heart_rate,"170",bpm,cadence,"27",rpm,distance,"945.59",m,speed,"4.699",m/s,power,"291",watts,enhanced_speed,"4.699",m/s,,,,,,,,,,,,,,,,,,,,,,,,,,,,,,,,,,,,,,,,,,,,,,,,,,,,
Data,5,record,timestamp,"925749440",s,heart_rate,"170",bpm,cadence,"27",rpm,distance,"955.3",m,speed,"4.694",m/s,power,"290",watts,enhanced_speed,"4.694",m/s,,,,,,,,,,,,,,,,,,,,,,,,,,,,,,,,,,,,,,,,,,,,,,,,,,,,
Data,5,record,timestamp,"925749443",s,heart_rate,"170",bpm,cadence,"27",rpm,distance,"967.69",m,speed,"4.703",m/s,power,"291",watts,enhanced_speed,"4.703",m/s,,,,,,,,,,,,,,,,,,,,,,,,,,,,,,,,,,,,,,,,,,,,,,,,,,,,
Data,5,record,timestamp,"925749445",s,heart_rate,"171",bpm,cadence,"27",rpm,distance,"977.29",m,speed,"4.703",m/s,power,"291",watts,enhanced_speed,"4.703",m/s,,,,,,,,,,,,,,,,,,,,,,,,,,,,,,,,,,,,,,,,,,,,,,,,,,,,
Data,5,record,timestamp,"925749447",s,heart_rate,"170",bpm,cadence,"26",rpm,distance,"986.89",m,speed,"4.681",m/s,power,"287",watts,enhanced_speed,"4.681",m/s,,,,,,,,,,,,,,,,,,,,,,,,,,,,,,,,,,,,,,,,,,,,,,,,,,,,
Data,5,record,timestamp,"925749449",s,heart_rate,"171",bpm,cadence,"27",rpm,distance,"999.39",m,speed,"4.721",m/s,power,"295",watts,enhanced_speed,"4.721",m/s,,,,,,,,,,,,,,,,,,,,,,,,,,,,,,,,,,,,,,,,,,,,,,,,,,,,
Data,5,record,timestamp,"925749451",s,heart_rate,"171",bpm,cadence,"27",rpm,distance,"1008.99",m,speed,"4.721",m/s,power,"295",watts,enhanced_speed,"4.721",m/s,,,,,,,,,,,,,,,,,,,,,,,,,,,,,,,,,,,,,,,,,,,,,,,,,,,,
Data,5,record,timestamp,"925749454",s,heart_rate,"171",bpm,cadence,"27",rpm,distance,"1018.69",m,speed,"4.712",m/s,power,"293",watts,enhanced_speed,"4.712",m/s,,,,,,,,,,,,,,,,,,,,,,,,,,,,,,,,,,,,,,,,,,,,,,,,,,,,
Data,5,record,timestamp,"925749456",s,heart_rate,"171",bpm,cadence,"27",rpm,distance,"1031.09",m,speed,"4.708",m/s,power,"292",watts,enhanced_speed,"4.708",m/s,,,,,,,,,,,,,,,,,,,,,,,,,,,,,,,,,,,,,,,,,,,,,,,,,,,,
Data,5,record,timestamp,"925749458",s,heart_rate,"171",bpm,cadence,"27",rpm,distance,"1040.59",m,speed,"4.708",m/s,power,"292",watts,enhanced_speed,"4.708",m/s,,,,,,,,,,,,,,,,,,,,,,,,,,,,,,,,,,,,,,,,,,,,,,,,,,,,
Data,5,record,timestamp,"925749461",s,heart_rate,"171",bpm,cadence,"27",rpm,distance,"1052.99",m,speed,"4.734",m/s,power,"297",watts,enhanced_speed,"4.734",m/s,,,,,,,,,,,,,,,,,,,,,,,,,,,,,,,,,,,,,,,,,,,,,,,,,,,,
Data,5,record,timestamp,"925749463",s,heart_rate,"172",bpm,cadence,"27",rpm,distance,"1062.79",m,speed,"4.734",m/s,power,"297",watts,enhanced_speed,"4.734",m/s,,,,,,,,,,,,,,,,,,,,,,,,,,,,,,,,,,,,,,,,,,,,,,,,,,,,
Data,5,record,timestamp,"925749465",s,heart_rate,"172",bpm,cadence,"27",rpm,distance,"1072.4",m,speed,"4.739",m/s,power,"298",watts,enhanced_speed,"4.739",m/s,,,,,,,,,,,,,,,,,,,,,,,,,,,,,,,,,,,,,,,,,,,,,,,,,,,,
Data,5,record,timestamp,"925749467",s,heart_rate,"172",bpm,cadence,"27",rpm,distance,"1082.0",m,speed,"4.672",m/s,power,"286",watts,enhanced_speed,"4.672",m/s,,,,,,,,,,,,,,,,,,,,,,,,,,,,,,,,,,,,,,,,,,,,,,,,,,,,
Data,5,record,timestamp,"925749470",s,heart_rate,"172",bpm,cadence,"27",rpm,distance,"1094.3",m,speed,"4.69",m/s,power,"289",watts,enhanced_speed,"4.69",m/s,,,,,,,,,,,,,,,,,,,,,,,,,,,,,,,,,,,,,,,,,,,,,,,,,,,,
Data,5,record,timestamp,"925749472",s,heart_rate,"172",bpm,cadence,"26",rpm,distance,"1103.79",m,speed,"4.664",m/s,power,"284",watts,enhanced_speed,"4.664",m/s,,,,,,,,,,,,,,,,,,,,,,,,,,,,,,,,,,,,,,,,,,,,,,,,,,,,
Data,5,record,timestamp,"925749474",s,heart_rate,"172",bpm,cadence,"27",rpm,distance,"1116.1",m,speed,"4.681",m/s,power,"287",watts,enhanced_speed,"4.681",m/s,,,,,,,,,,,,,,,,,,,,,,,,,,,,,,,,,,,,,,,,,,,,,,,,,,,,
Data,5,record,timestamp,"925749476",s,heart_rate,"172",bpm,cadence,"27",rpm,distance,"1125.59",m,speed,"4.681",m/s,power,"287",watts,enhanced_speed,"4.681",m/s,,,,,,,,,,,,,,,,,,,,,,,,,,,,,,,,,,,,,,,,,,,,,,,,,,,,
Data,5,record,timestamp,"925749478",s,heart_rate,"172",bpm,cadence,"27",rpm,distance,"1135.29",m,speed,"4.651",m/s,power,"282",watts,enhanced_speed,"4.651",m/s,,,,,,,,,,,,,,,,,,,,,,,,,,,,,,,,,,,,,,,,,,,,,,,,,,,,
Data,5,record,timestamp,"925749481",s,heart_rate,"172",bpm,cadence,"26",rpm,distance,"1147.49",m,speed,"4.655",m/s,power,"283",watts,enhanced_speed,"4.655",m/s,,,,,,,,,,,,,,,,,,,,,,,,,,,,,,,,,,,,,,,,,,,,,,,,,,,,
Data,5,record,timestamp,"925749483",s,heart_rate,"173",bpm,cadence,"26",rpm,distance,"1157.19",m,speed,"4.655",m/s,power,"283",watts,enhanced_speed,"4.655",m/s,,,,,,,,,,,,,,,,,,,,,,,,,,,,,,,,,,,,,,,,,,,,,,,,,,,,
Data,5,record,timestamp,"925749485",s,heart_rate,"173",bpm,cadence,"27",rpm,distance,"1166.9",m,speed,"4.708",m/s,power,"292",watts,enhanced_speed,"4.708",m/s,,,,,,,,,,,,,,,,,,,,,,,,,,,,,,,,,,,,,,,,,,,,,,,,,,,,
Data,5,record,timestamp,"925749488",s,heart_rate,"173",bpm,cadence,"27",rpm,distance,"1179.2",m,speed,"4.672",m/s,power,"286",watts,enhanced_speed,"4.672",m/s,,,,,,,,,,,,,,,,,,,,,,,,,,,,,,,,,,,,,,,,,,,,,,,,,,,,
Data,5,record,timestamp,"925749490",s,heart_rate,"172",bpm,cadence,"27",rpm,distance,"1188.7",m,speed,"4.672",m/s,power,"286",watts,enhanced_speed,"4.672",m/s,,,,,,,,,,,,,,,,,,,,,,,,,,,,,,,,,,,,,,,,,,,,,,,,,,,,
Data,5,record,timestamp,"925749492",s,heart_rate,"172",bpm,cadence,"27",rpm,distance,"1198.29",m,speed,"4.655",m/s,power,"283",watts,enhanced_speed,"4.655",m/s,,,,,,,,,,,,,,,,,,,,,,,,,,,,,,,,,,,,,,,,,,,,,,,,,,,,
Data,5,record,timestamp,"925749494",s,heart_rate,"172",bpm,cadence,"27",rpm,distance,"1207.79",m,speed,"4.633",m/s,power,"279",watts,enhanced_speed,"4.633",m/s,,,,,,,,,,,,,,,,,,,,,,,,,,,,,,,,,,,,,,,,,,,,,,,,,,,,
Data,5,record,timestamp,"925749496",s,heart_rate,"172",bpm,cadence,"28",rpm,distance,"1217.59",m,speed,"4.659",m/s,power,"283",watts,enhanced_speed,"4.659",m/s,,,,,,,,,,,,,,,,,,,,,,,,,,,,,,,,,,,,,,,,,,,,,,,,,,,,
Data,5,record,timestamp,"925749498",s,heart_rate,"173",bpm,cadence,"27",rpm,distance,"1230.19",m,speed,"4.761",m/s,power,"302",watts,enhanced_speed,"4.761",m/s,,,,,,,,,,,,,,,,,,,,,,,,,,,,,,,,,,,,,,,,,,,,,,,,,,,,
Data,5,record,timestamp,"925749500",s,heart_rate,"173",bpm,cadence,"27",rpm,distance,"1239.79",m,speed,"4.761",m/s,power,"302",watts,enhanced_speed,"4.761",m/s,,,,,,,,,,,,,,,,,,,,,,,,,,,,,,,,,,,,,,,,,,,,,,,,,,,,
Data,5,record,timestamp,"925749503",s,heart_rate,"173",bpm,cadence,"27",rpm,distance,"1252.09",m,speed,"4.699",m/s,power,"291",watts,enhanced_speed,"4.699",m/s,,,,,,,,,,,,,,,,,,,,,,,,,,,,,,,,,,,,,,,,,,,,,,,,,,,,
Data,5,record,timestamp,"925749505",s,heart_rate,"172",bpm,cadence,"27",rpm,distance,"1261.8",m,speed,"4.699",m/s,power,"291",watts,enhanced_speed,"4.699",m/s,,,,,,,,,,,,,,,,,,,,,,,,,,,,,,,,,,,,,,,,,,,,,,,,,,,,
Data,5,record,timestamp,"925749507",s,heart_rate,"173",bpm,cadence,"27",rpm,distance,"1271.5",m,speed,"4.708",m/s,power,"292",watts,enhanced_speed,"4.708",m/s,,,,,,,,,,,,,,,,,,,,,,,,,,,,,,,,,,,,,,,,,,,,,,,,,,,,
Data,5,record,timestamp,"925749509",s,heart_rate,"173",bpm,cadence,"27",rpm,distance,"1280.99",m,speed,"4.721",m/s,power,"295",watts,enhanced_speed,"4.721",m/s,,,,,,,,,,,,,,,,,,,,,,,,,,,,,,,,,,,,,,,,,,,,,,,,,,,,
Data,5,record,timestamp,"925749511",s,heart_rate,"173",bpm,cadence,"27",rpm,distance,"1290.59",m,speed,"4.651",m/s,power,"282",watts,enhanced_speed,"4.651",m/s,,,,,,,,,,,,,,,,,,,,,,,,,,,,,,,,,,,,,,,,,,,,,,,,,,,,
Data,5,record,timestamp,"925749513",s,heart_rate,"173",bpm,cadence,"28",rpm,distance,"1300.09",m,speed,"4.604",m/s,power,"273",watts,enhanced_speed,"4.604",m/s,,,,,,,,,,,,,,,,,,,,,,,,,,,,,,,,,,,,,,,,,,,,,,,,,,,,
Data,5,record,timestamp,"925749516",s,heart_rate,"173",bpm,cadence,"27",rpm,distance,"1312.3",m,speed,"4.633",m/s,power,"279",watts,enhanced_speed,"4.633",m/s,,,,,,,,,,,,,,,,,,,,,,,,,,,,,,,,,,,,,,,,,,,,,,,,,,,,
Data,5,record,timestamp,"925749518",s,heart_rate,"173",bpm,cadence,"27",rpm,distance,"1321.9",m,speed,"4.633",m/s,power,"279",watts,enhanced_speed,"4.633",m/s,,,,,,,,,,,,,,,,,,,,,,,,,,,,,,,,,,,,,,,,,,,,,,,,,,,,
Data,5,record,timestamp,"925749520",s,heart_rate,"173",bpm,cadence,"28",rpm,distance,"1331.59",m,speed,"4.642",m/s,power,"280",watts,enhanced_speed,"4.642",m/s,,,,,,,,,,,,,,,,,,,,,,,,,,,,,,,,,,,,,,,,,,,,,,,,,,,,
Data,5,record,timestamp,"925749522",s,heart_rate,"173",bpm,cadence,"28",rpm,distance,"1341.29",m,speed,"4.699",m/s,power,"291",watts,enhanced_speed,"4.699",m/s,,,,,,,,,,,,,,,,,,,,,,,,,,,,,,,,,,,,,,,,,,,,,,,,,,,,
Data,5,record,timestamp,"925749524",s,heart_rate,"172",bpm,cadence,"28",rpm,distance,"1351.0",m,speed,"4.708",m/s,power,"292",watts,enhanced_speed,"4.708",m/s,,,,,,,,,,,,,,,,,,,,,,,,,,,,,,,,,,,,,,,,,,,,,,,,,,,,
Data,5,record,timestamp,"925749526",s,heart_rate,"173",bpm,cadence,"28",rpm,distance,"1360.8",m,speed,"4.708",m/s,power,"292",watts,enhanced_speed,"4.708",m/s,,,,,,,,,,,,,,,,,,,,,,,,,,,,,,,,,,,,,,,,,,,,,,,,,,,,
Data,5,record,timestamp,"925749529",s,heart_rate,"173",bpm,cadence,"28",rpm,distance,"1373.29",m,speed,"4.757",m/s,power,"301",watts,enhanced_speed,"4.757",m/s,,,,,,,,,,,,,,,,,,,,,,,,,,,,,,,,,,,,,,,,,,,,,,,,,,,,
Data,5,record,timestamp,"925749531",s,heart_rate,"174",bpm,cadence,"28",rpm,distance,"1382.9",m,speed,"4.757",m/s,power,"301",watts,enhanced_speed,"4.757",m/s,,,,,,,,,,,,,,,,,,,,,,,,,,,,,,,,,,,,,,,,,,,,,,,,,,,,
Data,5,record,timestamp,"925749533",s,heart_rate,"174",bpm,cadence,"27",rpm,distance,"1392.6",m,speed,"4.708",m/s,power,"292",watts,enhanced_speed,"4.708",m/s,,,,,,,,,,,,,,,,,,,,,,,,,,,,,,,,,,,,,,,,,,,,,,,,,,,,
Data,5,record,timestamp,"925749535",s,heart_rate,"174",bpm,cadence,"27",rpm,distance,"1402.4",m,speed,"4.721",m/s,power,"295",watts,enhanced_speed,"4.721",m/s,,,,,,,,,,,,,,,,,,,,,,,,,,,,,,,,,,,,,,,,,,,,,,,,,,,,
Data,5,record,timestamp,"925749538",s,heart_rate,"174",bpm,cadence,"28",rpm,distance,"1414.9",m,speed,"4.739",m/s,power,"298",watts,enhanced_speed,"4.739",m/s,,,,,,,,,,,,,,,,,,,,,,,,,,,,,,,,,,,,,,,,,,,,,,,,,,,,
Data,5,record,timestamp,"925749540",s,heart_rate,"174",bpm,cadence,"28",rpm,distance,"1424.6",m,speed,"4.739",m/s,power,"298",watts,enhanced_speed,"4.739",m/s,,,,,,,,,,,,,,,,,,,,,,,,,,,,,,,,,,,,,,,,,,,,,,,,,,,,
Data,5,record,timestamp,"925749542",s,heart_rate,"175",bpm,cadence,"28",rpm,distance,"1434.39",m,speed,"4.775",m/s,power,"305",watts,enhanced_speed,"4.775",m/s,,,,,,,,,,,,,,,,,,,,,,,,,,,,,,,,,,,,,,,,,,,,,,,,,,,,
Data,5,record,timestamp,"925749544",s,heart_rate,"175",bpm,cadence,"28",rpm,distance,"1444.19",m,speed,"4.73",m/s,power,"296",watts,enhanced_speed,"4.73",m/s,,,,,,,,,,,,,,,,,,,,,,,,,,,,,,,,,,,,,,,,,,,,,,,,,,,,
Data,5,record,timestamp,"925749546",s,heart_rate,"175",bpm,cadence,"28",rpm,distance,"1453.89",m,speed,"4.721",m/s,power,"295",watts,enhanced_speed,"4.721",m/s,,,,,,,,,,,,,,,,,,,,,,,,,,,,,,,,,,,,,,,,,,,,,,,,,,,,
Data,5,record,timestamp,"925749548",s,heart_rate,"175",bpm,cadence,"28",rpm,distance,"1466.49",m,speed,"4.761",m/s,power,"302",watts,enhanced_speed,"4.761",m/s,,,,,,,,,,,,,,,,,,,,,,,,,,,,,,,,,,,,,,,,,,,,,,,,,,,,
Data,5,record,timestamp,"925749550",s,heart_rate,"175",bpm,cadence,"28",rpm,distance,"1476.29",m,speed,"4.775",m/s,power,"305",watts,enhanced_speed,"4.775",m/s,,,,,,,,,,,,,,,,,,,,,,,,,,,,,,,,,,,,,,,,,,,,,,,,,,,,
Data,5,record,timestamp,"925749553",s,heart_rate,"176",bpm,cadence,"28",rpm,distance,"1486.1",m,speed,"4.775",m/s,power,"305",watts,enhanced_speed,"4.775",m/s,,,,,,,,,,,,,,,,,,,,,,,,,,,,,,,,,,,,,,,,,,,,,,,,,,,,
Data,5,record,timestamp,"925749555",s,heart_rate,"176",bpm,cadence,"28",rpm,distance,"1495.9",m,speed,"4.757",m/s,power,"301",watts,enhanced_speed,"4.757",m/s,,,,,,,,,,,,,,,,,,,,,,,,,,,,,,,,,,,,,,,,,,,,,,,,,,,,
Data,5,record,timestamp,"925749557",s,heart_rate,"176",bpm,cadence,"27",rpm,distance,"1505.6",m,speed,"4.734",m/s,power,"297",watts,enhanced_speed,"4.734",m/s,,,,,,,,,,,,,,,,,,,,,,,,,,,,,,,,,,,,,,,,,,,,,,,,,,,,
Data,5,record,timestamp,"925749559",s,heart_rate,"176",bpm,cadence,"28",rpm,distance,"1515.6",m,speed,"4.739",m/s,power,"298",watts,enhanced_speed,"4.739",m/s,,,,,,,,,,,,,,,,,,,,,,,,,,,,,,,,,,,,,,,,,,,,,,,,,,,,
Data,5,record,timestamp,"925749561",s,heart_rate,"176",bpm,cadence,"28",rpm,distance,"1525.5",m,speed,"4.807",m/s,power,"311",watts,enhanced_speed,"4.807",m/s,,,,,,,,,,,,,,,,,,,,,,,,,,,,,,,,,,,,,,,,,,,,,,,,,,,,
Data,5,record,timestamp,"925749563",s,heart_rate,"176",bpm,cadence,"29",rpm,distance,"1535.5",m,speed,"4.784",m/s,power,"307",watts,enhanced_speed,"4.784",m/s,,,,,,,,,,,,,,,,,,,,,,,,,,,,,,,,,,,,,,,,,,,,,,,,,,,,
Data,5,record,timestamp,"925749565",s,heart_rate,"176",bpm,cadence,"27",rpm,distance,"1548.0",m,speed,"4.761",m/s,power,"302",watts,enhanced_speed,"4.761",m/s,,,,,,,,,,,,,,,,,,,,,,,,,,,,,,,,,,,,,,,,,,,,,,,,,,,,
Data,5,record,timestamp,"925749567",s,heart_rate,"177",bpm,cadence,"27",rpm,distance,"1557.7",m,speed,"4.761",m/s,power,"302",watts,enhanced_speed,"4.761",m/s,,,,,,,,,,,,,,,,,,,,,,,,,,,,,,,,,,,,,,,,,,,,,,,,,,,,
Data,5,record,timestamp,"925749570",s,heart_rate,"177",bpm,cadence,"27",rpm,distance,"1567.49",m,speed,"4.716",m/s,power,"294",watts,enhanced_speed,"4.716",m/s,,,,,,,,,,,,,,,,,,,,,,,,,,,,,,,,,,,,,,,,,,,,,,,,,,,,
Data,5,record,timestamp,"925749572",s,heart_rate,"177",bpm,cadence,"28",rpm,distance,"1577.19",m,speed,"4.734",m/s,power,"297",watts,enhanced_speed,"4.734",m/s,,,,,,,,,,,,,,,,,,,,,,,,,,,,,,,,,,,,,,,,,,,,,,,,,,,,
Data,5,record,timestamp,"925749574",s,heart_rate,"177",bpm,cadence,"28",rpm,distance,"1589.59",m,speed,"4.699",m/s,power,"291",watts,enhanced_speed,"4.699",m/s,,,,,,,,,,,,,,,,,,,,,,,,,,,,,,,,,,,,,,,,,,,,,,,,,,,,
Data,5,record,timestamp,"925749576",s,heart_rate,"176",bpm,cadence,"28",rpm,distance,"1599.19",m,speed,"4.699",m/s,power,"291",watts,enhanced_speed,"4.699",m/s,,,,,,,,,,,,,,,,,,,,,,,,,,,,,,,,,,,,,,,,,,,,,,,,,,,,
Data,5,record,timestamp,"925749578",s,heart_rate,"177",bpm,cadence,"27",rpm,distance,"1608.99",m,speed,"4.721",m/s,power,"295",watts,enhanced_speed,"4.721",m/s,,,,,,,,,,,,,,,,,,,,,,,,,,,,,,,,,,,,,,,,,,,,,,,,,,,,
Data,5,record,timestamp,"925749580",s,heart_rate,"177",bpm,cadence,"28",rpm,distance,"1618.8",m,speed,"4.721",m/s,power,"295",watts,enhanced_speed,"4.721",m/s,,,,,,,,,,,,,,,,,,,,,,,,,,,,,,,,,,,,,,,,,,,,,,,,,,,,
Data,5,record,timestamp,"925749582",s,heart_rate,"177",bpm,cadence,"28",rpm,distance,"1628.6",m,speed,"4.757",m/s,power,"301",watts,enhanced_speed,"4.757",m/s,,,,,,,,,,,,,,,,,,,,,,,,,,,,,,,,,,,,,,,,,,,,,,,,,,,,
Data,5,record,timestamp,"925749584",s,heart_rate,"177",bpm,cadence,"28",rpm,distance,"1638.4",m,speed,"4.761",m/s,power,"302",watts,enhanced_speed,"4.761",m/s,,,,,,,,,,,,,,,,,,,,,,,,,,,,,,,,,,,,,,,,,,,,,,,,,,,,
Data,5,record,timestamp,"925749587",s,heart_rate,"177",bpm,cadence,"28",rpm,distance,"1650.8",m,speed,"4.725",m/s,power,"296",watts,enhanced_speed,"4.725",m/s,,,,,,,,,,,,,,,,,,,,,,,,,,,,,,,,,,,,,,,,,,,,,,,,,,,,
Data,5,record,timestamp,"925749589",s,heart_rate,"177",bpm,cadence,"28",rpm,distance,"1660.5",m,speed,"4.699",m/s,power,"291",watts,enhanced_speed,"4.699",m/s,,,,,,,,,,,,,,,,,,,,,,,,,,,,,,,,,,,,,,,,,,,,,,,,,,,,
Data,5,record,timestamp,"925749591",s,heart_rate,"176",bpm,cadence,"28",rpm,distance,"1670.29",m,speed,"4.699",m/s,power,"291",watts,enhanced_speed,"4.699",m/s,,,,,,,,,,,,,,,,,,,,,,,,,,,,,,,,,,,,,,,,,,,,,,,,,,,,
Data,5,record,timestamp,"925749593",s,heart_rate,"176",bpm,cadence,"28",rpm,distance,"1679.89",m,speed,"4.739",m/s,power,"298",watts,enhanced_speed,"4.739",m/s,,,,,,,,,,,,,,,,,,,,,,,,,,,,,,,,,,,,,,,,,,,,,,,,,,,,
Data,5,record,timestamp,"925749595",s,heart_rate,"176",bpm,cadence,"27",rpm,distance,"1689.59",m,speed,"4.694",m/s,power,"290",watts,enhanced_speed,"4.694",m/s,,,,,,,,,,,,,,,,,,,,,,,,,,,,,,,,,,,,,,,,,,,,,,,,,,,,
Data,5,record,timestamp,"925749598",s,heart_rate,"176",bpm,cadence,"28",rpm,distance,"1702.09",m,speed,"4.725",m/s,power,"296",watts,enhanced_speed,"4.725",m/s,,,,,,,,,,,,,,,,,,,,,,,,,,,,,,,,,,,,,,,,,,,,,,,,,,,,
Data,5,record,timestamp,"925749600",s,heart_rate,"177",bpm,cadence,"27",rpm,distance,"1711.7",m,speed,"4.712",m/s,power,"293",watts,enhanced_speed,"4.712",m/s,,,,,,,,,,,,,,,,,,,,,,,,,,,,,,,,,,,,,,,,,,,,,,,,,,,,
Data,5,record,timestamp,"925749602",s,heart_rate,"177",bpm,cadence,"27",rpm,distance,"1721.5",m,speed,"4.712",m/s,power,"293",watts,enhanced_speed,"4.712",m/s,,,,,,,,,,,,,,,,,,,,,,,,,,,,,,,,,,,,,,,,,,,,,,,,,,,,
Data,5,record,timestamp,"925749604",s,heart_rate,"177",bpm,cadence,"28",rpm,distance,"1731.0",m,speed,"4.708",m/s,power,"292",watts,enhanced_speed,"4.708",m/s,,,,,,,,,,,,,,,,,,,,,,,,,,,,,,,,,,,,,,,,,,,,,,,,,,,,
Data,5,record,timestamp,"925749606",s,heart_rate,"176",bpm,cadence,"28",rpm,distance,"1740.69",m,speed,"4.633",m/s,power,"279",watts,enhanced_speed,"4.633",m/s,,,,,,,,,,,,,,,,,,,,,,,,,,,,,,,,,,,,,,,,,,,,,,,,,,,,
Data,5,record,timestamp,"925749608",s,heart_rate,"176",bpm,cadence,"28",rpm,distance,"1750.49",m,speed,"4.721",m/s,power,"295",watts,enhanced_speed,"4.721",m/s,,,,,,,,,,,,,,,,,,,,,,,,,,,,,,,,,,,,,,,,,,,,,,,,,,,,
Data,5,record,timestamp,"925749611",s,heart_rate,"176",bpm,cadence,"28",rpm,distance,"1763.09",m,speed,"4.766",m/s,power,"303",watts,enhanced_speed,"4.766",m/s,,,,,,,,,,,,,,,,,,,,,,,,,,,,,,,,,,,,,,,,,,,,,,,,,,,,
Data,5,record,timestamp,"925749613",s,heart_rate,"176",bpm,cadence,"28",rpm,distance,"1772.89",m,speed,"4.766",m/s,power,"303",watts,enhanced_speed,"4.766",m/s,,,,,,,,,,,,,,,,,,,,,,,,,,,,,,,,,,,,,,,,,,,,,,,,,,,,
Data,5,record,timestamp,"925749615",s,heart_rate,"177",bpm,cadence,"28",rpm,distance,"1782.49",m,speed,"4.766",m/s,power,"303",watts,enhanced_speed,"4.766",m/s,,,,,,,,,,,,,,,,,,,,,,,,,,,,,,,,,,,,,,,,,,,,,,,,,,,,
Data,5,record,timestamp,"925749617",s,heart_rate,"177",bpm,cadence,"28",rpm,distance,"1792.39",m,speed,"4.694",m/s,power,"290",watts,enhanced_speed,"4.694",m/s,,,,,,,,,,,,,,,,,,,,,,,,,,,,,,,,,,,,,,,,,,,,,,,,,,,,
Data,5,record,timestamp,"925749619",s,heart_rate,"176",bpm,cadence,"28",rpm,distance,"1802.3",m,speed,"4.78",m/s,power,"306",watts,enhanced_speed,"4.78",m/s,,,,,,,,,,,,,,,,,,,,,,,,,,,,,,,,,,,,,,,,,,,,,,,,,,,,
Data,5,record,timestamp,"925749621",s,heart_rate,"177",bpm,cadence,"28",rpm,distance,"1812.2",m,speed,"4.807",m/s,power,"311",watts,enhanced_speed,"4.807",m/s,,,,,,,,,,,,,,,,,,,,,,,,,,,,,,,,,,,,,,,,,,,,,,,,,,,,
Data,5,record,timestamp,"925749623",s,heart_rate,"176",bpm,cadence,"28",rpm,distance,"1822.1",m,speed,"4.78",m/s,power,"306",watts,enhanced_speed,"4.78",m/s,,,,,,,,,,,,,,,,,,,,,,,,,,,,,,,,,,,,,,,,,,,,,,,,,,,,
Data,5,record,timestamp,"925749626",s,heart_rate,"177",bpm,cadence,"28",rpm,distance,"1834.79",m,speed,"4.803",m/s,power,"310",watts,enhanced_speed,"4.803",m/s,,,,,,,,,,,,,,,,,,,,,,,,,,,,,,,,,,,,,,,,,,,,,,,,,,,,
Data,5,record,timestamp,"925749628",s,heart_rate,"177",bpm,cadence,"29",rpm,distance,"1844.7",m,speed,"4.812",m/s,power,"312",watts,enhanced_speed,"4.812",m/s,,,,,,,,,,,,,,,,,,,,,,,,,,,,,,,,,,,,,,,,,,,,,,,,,,,,
Data,5,record,timestamp,"925749630",s,heart_rate,"177",bpm,cadence,"28",rpm,distance,"1854.7",m,speed,"4.84",m/s,power,"318",watts,enhanced_speed,"4.84",m/s,,,,,,,,,,,,,,,,,,,,,,,,,,,,,,,,,,,,,,,,,,,,,,,,,,,,
Data,5,record,timestamp,"925749632",s,heart_rate,"177",bpm,cadence,"28",rpm,distance,"1864.6",m,speed,"4.84",m/s,power,"318",watts,enhanced_speed,"4.84",m/s,,,,,,,,,,,,,,,,,,,,,,,,,,,,,,,,,,,,,,,,,,,,,,,,,,,,
Data,5,record,timestamp,"925749634",s,heart_rate,"176",bpm,cadence,"28",rpm,distance,"1874.6",m,speed,"4.812",m/s,power,"312",watts,enhanced_speed,"4.812",m/s,,,,,,,,,,,,,,,,,,,,,,,,,,,,,,,,,,,,,,,,,,,,,,,,,,,,
Data,5,record,timestamp,"925749636",s,heart_rate,"177",bpm,cadence,"28",rpm,distance,"1884.5",m,speed,"4.83",m/s,power,"316",watts,enhanced_speed,"4.83",m/s,,,,,,,,,,,,,,,,,,,,,,,,,,,,,,,,,,,,,,,,,,,,,,,,,,,,
Data,5,record,timestamp,"925749638",s,heart_rate,"177",bpm,cadence,"29",rpm,distance,"1894.5",m,speed,"4.816",m/s,power,"313",watts,enhanced_speed,"4.816",m/s,,,,,,,,,,,,,,,,,,,,,,,,,,,,,,,,,,,,,,,,,,,,,,,,,,,,
Data,5,record,timestamp,"925749640",s,heart_rate,"177",bpm,cadence,"29",rpm,distance,"1904.5",m,speed,"4.807",m/s,power,"311",watts,enhanced_speed,"4.807",m/s,,,,,,,,,,,,,,,,,,,,,,,,,,,,,,,,,,,,,,,,,,,,,,,,,,,,
Data,5,record,timestamp,"925749642",s,heart_rate,"177",bpm,cadence,"29",rpm,distance,"1914.5",m,speed,"4.812",m/s,power,"312",watts,enhanced_speed,"4.812",m/s,,,,,,,,,,,,,,,,,,,,,,,,,,,,,,,,,,,,,,,,,,,,,,,,,,,,
Data,5,record,timestamp,"925749644",s,heart_rate,"177",bpm,cadence,"29",rpm,distance,"1924.5",m,speed,"4.854",m/s,power,"320",watts,enhanced_speed,"4.854",m/s,,,,,,,,,,,,,,,,,,,,,,,,,,,,,,,,,,,,,,,,,,,,,,,,,,,,
Data,5,record,timestamp,"925749646",s,heart_rate,"178",bpm,cadence,"29",rpm,distance,"1934.7",m,speed,"4.873",m/s,power,"324",watts,enhanced_speed,"4.873",m/s,,,,,,,,,,,,,,,,,,,,,,,,,,,,,,,,,,,,,,,,,,,,,,,,,,,,
Data,5,record,timestamp,"925749648",s,heart_rate,"178",bpm,cadence,"29",rpm,distance,"1944.9",m,speed,"4.897",m/s,power,"329",watts,enhanced_speed,"4.897",m/s,,,,,,,,,,,,,,,,,,,,,,,,,,,,,,,,,,,,,,,,,,,,,,,,,,,,
Data,5,record,timestamp,"925749650",s,heart_rate,"178",bpm,cadence,"31",rpm,distance,"1955.3",m,speed,"4.935",m/s,power,"337",watts,enhanced_speed,"4.935",m/s,,,,,,,,,,,,,,,,,,,,,,,,,,,,,,,,,,,,,,,,,,,,,,,,,,,,
Data,5,record,timestamp,"925749653",s,heart_rate,"177",bpm,cadence,"31",rpm,distance,"1965.59",m,speed,"4.97",m/s,power,"344",watts,enhanced_speed,"4.97",m/s,,,,,,,,,,,,,,,,,,,,,,,,,,,,,,,,,,,,,,,,,,,,,,,,,,,,
Data,5,record,timestamp,"925749654",s,heart_rate,"177",bpm,cadence,"31",rpm,distance,"1973.1",m,speed,"4.97",m/s,power,"344",watts,enhanced_speed,"4.97",m/s,,,,,,,,,,,,,,,,,,,,,,,,,,,,,,,,,,,,,,,,,,,,,,,,,,,,
Data,5,record,timestamp,"925749656",s,heart_rate,"178",bpm,cadence,"31",rpm,distance,"1983.4",m,speed,"4.96",m/s,power,"342",watts,enhanced_speed,"4.96",m/s,,,,,,,,,,,,,,,,,,,,,,,,,,,,,,,,,,,,,,,,,,,,,,,,,,,,
Data,5,record,timestamp,"925749658",s,heart_rate,"178",bpm,cadence,"32",rpm,distance,"1993.7",m,speed,"4.93",m/s,power,"336",watts,enhanced_speed,"4.93",m/s,,,,,,,,,,,,,,,,,,,,,,,,,,,,,,,,,,,,,,,,,,,,,,,,,,,,
Data,5,record,timestamp,"925749660",s,heart_rate,"178",bpm,cadence,"32",rpm,distance,"1999.99",m,speed,"4.93",m/s,power,"336",watts,enhanced_speed,"4.93",m/s,,,,,,,,,,,,,,,,,,,,,,,,,,,,,,,,,,,,,,,,,,,,,,,,,,,,
Definition,6,lap,timestamp,1,,start_time,1,,total_elapsed_time,1,,total_timer_time,1,,total_distance,1,,total_cycles,1,,message_index,1,,total_calories,1,,total_fat_calories,1,,avg_speed,1,,max_speed,1,,avg_power,1,,max_power,1,,total_ascent,1,,total_descent,1,,event,1,,event_type,1,,avg_heart_rate,1,,max_heart_rate,1,,avg_cadence,1,,max_cadence,1,,intensity,1,,lap_trigger,1,,sport,1,,
Data,6,lap,timestamp,"925749343",s,start_time,"925749241",,total_elapsed_time,"102.4",s,total_timer_time,"102.4",s,total_distance,"499.99",m,total_cycles,"0",cycles,message_index,"0",,total_calories,"40",kcal,total_fat_calories,"0",kcal,avg_speed,"4.882",m/s,max_speed,"0.0",m/s,avg_power,"0",watts,max_power,"0",watts,total_ascent,"0",m,total_descent,"0",m,event,"0",,event_type,"0",,avg_heart_rate,"165",bpm,max_heart_rate,"0",bpm,avg_cadence,"29",rpm,max_cadence,"0",rpm,intensity,"1",,lap_trigger,"0",,sport,"0",,enhanced_avg_speed,"4.882",m/s,enhanced_max_speed,"0.0",m/s,
Data,6,lap,timestamp,"925749449",s,start_time,"925749343",,total_elapsed_time,"106.3",s,total_timer_time,"106.3",s,total_distance,"499.99",m,total_cycles,"0",cycles,message_index,"1",,total_calories,"38",kcal,total_fat_calories,"0",kcal,avg_speed,"4.703",m/s,max_speed,"0.0",m/s,avg_power,"0",watts,max_power,"0",watts,total_ascent,"0",m,total_descent,"0",m,event,"0",,event_type,"0",,avg_heart_rate,"171",bpm,max_heart_rate,"0",bpm,avg_cadence,"27",rpm,max_cadence,"0",rpm,intensity,"1",,lap_trigger,"0",,sport,"0",,enhanced_avg_speed,"4.703",m/s,enhanced_max_speed,"0.0",m/s,
Data,6,lap,timestamp,"925749555",s,start_time,"925749449",,total_elapsed_time,"105.9",s,total_timer_time,"105.9",s,total_distance,"499.99",m,total_cycles,"0",cycles,message_index,"2",,total_calories,"38",kcal,total_fat_calories,"0",kcal,avg_speed,"4.721",m/s,max_speed,"0.0",m/s,avg_power,"0",watts,max_power,"0",watts,total_ascent,"0",m,total_descent,"0",m,event,"0",,event_type,"0",,avg_heart_rate,"176",bpm,max_heart_rate,"0",bpm,avg_cadence,"27",rpm,max_cadence,"0",rpm,intensity,"1",,lap_trigger,"0",,sport,"0",,enhanced_avg_speed,"4.721",m/s,enhanced_max_speed,"0.0",m/s,
Data,6,lap,timestamp,"925749659",s,start_time,"925749555",,total_elapsed_time,"104.099",s,total_timer_time,"104.099",s,total_distance,"499.99",m,total_cycles,"0",cycles,message_index,"3",,total_calories,"39",kcal,total_fat_calories,"0",kcal,avg_speed,"4.803",m/s,max_speed,"0.0",m/s,avg_power,"0",watts,max_power,"0",watts,total_ascent,"0",m,total_descent,"0",m,event,"0",,event_type,"0",,avg_heart_rate,"177",bpm,max_heart_rate,"0",bpm,avg_cadence,"28",rpm,max_cadence,"0",rpm,intensity,"1",,lap_trigger,"0",,sport,"0",,enhanced_avg_speed,"4.803",m/s,enhanced_max_speed,"0.0",m/s,
Data,4,event,timestamp,"925749660",s,event,"0",,event_type,"1",,timer_trigger,"0",,event_group,"0",,,,,,,,,,,,,,,,,,,,,,,,,,,,,,,,,,,,,,,,,,,,,,,,,,,,,,,,,,,,,,,,,
